BankName,Rating,ServiceCharge,APY,MinBalance,EstEarnfor50000,APY_Value
Axos Bank,4.9,$0,4.66%,$0,$0,4.66
Pibank,4.7,$0,4.60%,$0,$0,4.6
Elevault,4.6,$0,4.60%,$0,$0,4.6
Bread Savings,3.9,$0,4.40%,$100,$100,4.4
TIMBR,4.6,$0,4.40%,$0,$1k,4.4
Newtek Bank,4.7,$0,4.35%,$0,$0,4.35
Primis Bank,4.7,$0,4.35%,$0,$1,4.35
EverBank,4.9,$0,4.30%,$0,$0,4.3
My Banking Direct,4.7,$0,4.30%,$1,$500,4.3
TAB Bank,4.8,$0,4.26%,$0,$0,4.26
Evergreen Bank Group,4.9,$0,4.25%,$0,$100,4.25
First Foundation Bank,4.9,$0,4.25%,$0,$1k,4.25
Ivy Bank,4.4,$0,4.25%,$2.5k,$2.5k,4.25
Western Alliance Bank,4.6,—,4.25%,$0,$1,4.25
Colorado Federal Savings Bank,4.6,$0,4.20%,$1,$1,4.2
Jenius Bank,3.7,$0,4.20%,$0,$0,4.2
Bask Bank,4.8,$0,4.20%,$0,$0,4.2
RBMAX,4.0,—,4.15%,$0,$10,4.15
Prime Alliance Bank,4.8,$0,4.15%,$0,—,4.15
CIBC Bank USA,4.9,$0,4.11%,$0,$1k,4.11
Live Oak Bank,4.8,$0,4.10%,$0,$0,4.1
SFGI Direct,4.3,$0,4.08%,$1,$500,4.08
MutualOne Bank,3.7,$0,4.07%,$20k,$20k,4.07
Popular Direct,4.8,$0,4.05%,$0,$100,4.05
North American Savings Bank,4.2,$7.50,4.05%,$25k,$500,4.05
Upgrade,3.8,$0,4.02%,$1k,—,4.02
UFB Direct,4.5,$0,4.01%,$0,$0,4.01
Salem Five Direct,4.9,$0,4.01%,$0,$10,4.01
Flagstar Bank,5.0,—,4.00%,$25k,—,4.0
Wings Financial Credit Union,3.4,—,4.00%,$10k,$10k,4.0
Presidential Bank (MD),4.8,—,4.00%,$0,$5k,4.0
Communitywide Federal Credit Union,5.0,—,4.00%,$1,—,4.0
Dave,4.7,$0,4.00%,$0,$0,4.0
ableBanking,4.6,—,4.00%,$0,$2.5k,4.0
ConnectOne Bank,3.8,$0,4.00%,$2.5k,$2.5k,4.0
Barclays,4.8,$0,4.00%,$0,$0,4.0
Andrews Federal Credit Union,5.0,—,3.95%,$0,—,3.95
Sallie Mae Bank,4.8,$0,3.90%,$0,$0,3.9
SmartyPig,4.6,$0,3.90%,$0,—,3.9
Affirm,4.6,$0,3.85%,$0,$0,3.85
Amboy Direct,4.5,—,3.82%,$1,$1,3.82
CNB Bank Direct,4.6,$0,3.80%,$1,$100,3.8
Synchrony Bank,4.8,$0,3.80%,$0,$0,3.8
"Laurel Road, A Brand of KeyBank N.A.",4.6,$0,3.80%,$0,$0,3.8
Chime,5.0,—,3.75%,$0,—,3.75
First Technology Federal Credit Union,5.0,—,3.75%,$0,—,3.75
Valley Direct,4.9,$0,3.75%,$0,$1,3.75
DollarSavingsDirect,4.6,$0,3.75%,$0,$1,3.75
MySavingsDirect,4.6,$0,3.75%,$0,$1,3.75
USALLIANCE Financial,3.5,$0,3.75%,$500,—,3.75
Citi,3.6,$4.50,3.70%,$0,$0,3.7
Citizens,4.7,$0,3.70%,$0,$0,3.7
Lafayette Federal Credit Union,4.3,—,3.66%,$20k,$50,3.66
Marcus by Goldman Sachs,3.7,$0,3.65%,$0,$0,3.65
Jovia Financial Credit Union,4.4,—,3.60%,$10,—,3.6
Discover®,3.9,$0,3.60%,$0,$0,3.6
Ally Bank,4.9,$0,3.60%,$0,$0,3.6
BMO Alto,3.6,$0,3.60%,$0,$0,3.6
American Express,4.8,$0,3.60%,$0,$0,3.6
EmigrantDirect.com,4.6,$0,3.50%,$0,$1,3.5
Ideal Credit Union,3.4,—,3.45%,$25k,$25k,3.45
Gateway First Bank,4.1,$10,3.40%,$0,$1k,3.4
Seattle Bank,4.1,$10,3.40%,$0,$100,3.4
BankUnited,4.7,$0,3.35%,$0,$50,3.35
FNBO Direct,4.8,$0,3.35%,$0,$1,3.35
American Heritage Credit Union,2.0,$10,3.30%,$10k,$10k,3.3
Arizona Financial Credit Union,3.5,$0,3.25%,$10k,$10k,3.25
Digital Federal Credit Union (DCU),4.7,$0,3.25%,$0,$0,3.25
Forbright Bank,4.8,$0,3.15%,$10k,$250,3.15
Alliant Credit Union,4.0,$1,3.10%,$100,$5,3.1
mph.bank,4.6,—,3.00%,$0,—,3.0
Abound Credit Union,5.0,—,2.96%,$0,—,2.96
PenFed Credit Union,4.7,$0,2.80%,$0,$5,2.8
OneAZ Credit Union,4.8,—,2.70%,$0,$100,2.7
First National Bank of America,3.4,—,2.51%,$1k,$1k,2.51
Chartway Federal Credit Union,4.0,—,2.50%,$100,—,2.5
Dow Credit Union,4.7,—,2.28%,$0,$0,2.28
Farmers Insurance Federal Credit Union,4.6,$0,2.00%,$0,$0,2.0
Lake Michigan Credit Union,3.9,—,1.75%,$100,$0,1.75
BankPurely,4.5,—,1.50%,$0,$100,1.5
iGObanking,4.6,$0,1.50%,$0,$100,1.5
American Bank,4.8,$0,1.50%,$0,$1,1.5
Vantage West Credit Union,3.7,—,1.50%,$10k,$500,1.5
United Nations Federal Credit Union,4.2,—,1.20%,$25k,—,1.2
Vio Bank,3.6,$0,1.10%,$100,$100,1.1
Elements Financial,4.9,$0,1.00%,$2.5k,$5,1.0
Newtown Savings Bank,4.6,$0,1.00%,$0,$25,1.0
KS StateBank,3.9,$0,1.00%,$100,$100,1.0
Achieva Credit Union,4.4,—,1.00%,$1,—,1.0
Affinity Federal Credit Union,4.5,$0,0.90%,$25k,$0,0.9
First International Bank & Trust,4.8,$2,0.85%,$0,$25,0.85
First Internet Bank,4.3,$0,0.81%,$0,$25,0.81
All In Credit Union (AL),4.2,—,0.80%,$0,$5,0.8
Chevron Federal Credit Union,4.4,—,0.75%,$25,$25,0.75
Credit Human,4.0,$0,0.75%,$100,$5,0.75
Bank of Colorado,4.0,$3,0.75%,$0,$200,0.75
Spectrum Credit Union,4.5,—,0.75%,$0,$25,0.75
Amalgamated Bank,4.4,—,0.70%,$0,—,0.7
CoVantage Credit Union,4.6,—,0.65%,$0,$10,0.65
"UMB Bank, National Association",3.8,$25,0.55%,$0,$25k,0.55
